{
  "units": "celsius",
  "top": [
    {
      "name": "puffy_jacket",
      "url": "assets/clothing/puffy_jacket.png",
      "max_temp": 10,
      "min_temp": -15,
      "rain": true,
      "snow": true,
      "grade": 0.5,
      "gender": "neutral"
    },
    {
      "name": "hoodie",
      "url": "assets/clothing/hoodie.png",
      "max_temp": 25,
      "min_temp": 5,
      "rain": true,
      "snow": false,
      "grade": 0.5,
      "gender": "neutral"
    },
    {
      "name": "pullover",
      "url": "assets/clothing/pullover.png",
      "max_temp": 25,
      "min_temp": 5,
      "rain": false,
      "snow": false,
      "grade": 0.5,
      "gender": "neutral"
    },
    {
      "name": "letterman_jacket",
      "url": "assets/clothing/letterman_jacket.png",
      "max_temp": 25,
      "min_temp": 5,
      "rain": false,
      "snow": false,
      "grade": 0.5,
      "gender": "neutral"
    },
    {
      "name": "suit_jacket",
      "url": "assets/clothing/suit_jacket.png",
      "max_temp": 25,
      "min_temp": 5,
      "rain": false,
      "snow": false,
      "grade": 0.5,
      "gender": "neutral"
    },
    {
      "name": "sporty_jacket",
      "url": "assets/clothing/sporty_jacket.png",
      "max_temp": 25,
      "min_temp": 5,
      "rain": true,
      "snow": false,
      "grade": 0.5,
      "gender": "neutral"
    },
    {
      "name": "jean_jacket",
      "url": "assets/clothing/jean_jacket.png",
      "max_temp": 35,
      "min_temp": 10,
      "rain": false,
      "snow": false,
      "grade": 0.5,
      "gender": "neutral"
    },
    {
      "name": "button_down",
      "url": "assets/clothing/button_down.png",
      "max_temp": 35,
      "min_temp": 10,
      "rain": false,
      "snow": false,
      "grade": 0.5,
      "gender": "neutral"
    },
    {
      "name": "shirt",
      "url": "assets/clothing/shirt.png",
      "max_temp": 35,
      "min_temp": 5,
      "rain": false,
      "snow": false,
      "grade": 0.5,
      "gender": "neutral"
    },
    {
      "name": "tshirt",
      "url": "assets/clothing/tshirt.png",
      "max_temp": 35,
      "min_temp": 10,
      "rain": false,
      "snow": false,
      "grade": 0.5,
      "gender": "neutral"
    },
    {
      "name": "graphic_tee",
      "url": "assets/clothing/graphic_tee.png",
      "max_temp": 35,
      "min_temp": 10,
      "rain": false,
      "snow": false,
      "grade": 0.5,
      "gender": "neutral"
    },
    {
      "name": "jersey",
      "url": "assets/clothing/jersey.png",
      "max_temp": 35,
      "min_temp": 15,
      "rain": false,
      "snow": false,
      "grade": 0.5,
      "gender": "neutral"
    },
    {
      "name": "polo",
      "url": "assets/clothing/polo.png",
      "max_temp": 35,
      "min_temp": 10,
      "rain": false,
      "snow": false,
      "grade": 0.5,
      "gender": "neutral"
    },
    {
      "name": "tank_top",
      "url": "assets/clothing/tank_top.png",
      "max_temp": 35,
      "min_temp": 10,
      "rain": false,
      "snow": false,
      "grade": 0.5,
      "gender": "female"
    },
    {
      "name": "graphic_tank",
      "url": "assets/clothing/graphic_tank.png",
      "max_temp": 35,
      "min_temp": 10,
      "rain": false,
      "snow": false,
      "grade": 0.5,
      "gender": "neutral"
    }
  ],
  "bottom": [
    {
      "name": "sport_shorts",
      "url": "assets/clothing/sport_shorts.png",
      "max_temp": 35,
      "min_temp": 15,
      "rain": false,
      "snow": false,
      "grade": 0.5,
      "gender": "neutral"
    },
    {
      "name": "cargo_pants",
      "url": "assets/clothing/cargo_pants.png",
      "max_temp": 35,
      "min_temp": -15,
      "rain": true,
      "snow": true,
      "grade": 0.5,
      "gender": "neutral"
    },
    {
      "name": "long_skirt",
      "url": "assets/clothing/long_skirt.png",
      "max_temp": 35,
      "min_temp": 10,
      "rain": false,
      "snow": false,
      "grade": 0.5,
      "gender": "female"
    },
    {
      "name": "skirt",
      "url": "assets/clothing/skirt.png",
      "max_temp": 35,
      "min_temp": 10,
      "rain": false,
      "snow": false,
      "grade": 0.5,
      "gender": "female"
    },
    {
      "name": "purple_skirt",
      "url": "assets/clothing/purple_skirt.png",
      "max_temp": 35,
      "min_temp": 10,
      "rain": false,
      "snow": false,
      "grade": 0.5,
      "gender": "female"
    },
    {
      "name": "spandex",
      "url": "assets/clothing/spandex.png",
      "max_temp": 35,
      "min_temp": 10,
      "rain": false,
      "snow": false,
      "grade": 0.5,
      "gender": "female"
    },
    {
      "name": "shorts",
      "url": "assets/clothing/shorts.png",
      "max_temp": 35,
      "min_temp": 10,
      "rain": false,
      "snow": false,
      "grade": 0.5,
      "gender": "male"
    },
    {
      "name": "jean_shorts",
      "url": "assets/clothing/jean_shorts.png",
      "max_temp": 35,
      "min_temp": 10,
      "rain": false,
      "snow": false,
      "grade": 0.5,
      "gender": "female"
    },
    {
      "name": "male_jean_shorts",
      "url": "assets/clothing/male_jean_shorts.png",
      "max_temp": 35,
      "min_temp": 10,
      "rain": false,
      "snow": false,
      "grade": 0.5,
      "gender": "male"
    },
    {
      "name": "jeans",
      "url": "assets/clothing/jeans.png",
      "max_temp": 35,
      "min_temp": -15,
      "rain": true,
      "snow": true,
      "grade": 0.5,
      "gender": "neutral"
    }
  ],
  "accessories": [
    {
      "name": "sneakers",
      "url": "assets/clothing/double_sneakers.png",
      "max_temp": 35,
      "min_temp": 0,
      "rain": false,
      "snow": false,
      "grade": 0.5,
      "gender": "neutral"
    },
    {
      "name": "nikes",
      "url": "assets/clothing/double_nikes.png",
      "max_temp": 35,
      "min_temp": 0,
      "rain": false,
      "snow": false,
      "grade": 0.5,
      "gender": "neutral"
    },
    {
      "name": "adidas",
      "url": "assets/clothing/double_adidas.png",
      "max_temp": 35,
      "min_temp": 0,
      "rain": false,
      "snow": false,
      "grade": 0.5,
      "gender": "neutral"
    },
    {
      "name": "converse",
      "url": "assets/clothing/double_converse.png",
      "max_temp": 35,
      "min_temp": 0,
      "rain": false,
      "snow": false,
      "grade": 0.5,
      "gender": "neutral"
    },
    {
      "name": "vans",
      "url": "assets/clothing/double_vans.png",
      "max_temp": 35,
      "min_temp": 0,
      "rain": false,
      "snow": false,
      "grade": 0.5,
      "gender": "neutral"
    },
    {
      "name": "flats",
      "url": "assets/clothing/double_flats.png",
      "max_temp": 35,
      "min_temp": 5,
      "rain": false,
      "snow": false,
      "grade": 0.5,
      "gender": "female"
    },
    {
      "name": "heels",
      "url": "assets/clothing/double_heels.png",
      "max_temp": 35,
      "min_temp": 5,
      "rain": false,
      "snow": false,
      "grade": 0.5,
      "gender": "female"
    },
    {
      "name": "slingback_heels",
      "url": "assets/clothing/double_slingback_heels.png",
      "max_temp": 35,
      "min_temp": 5,
      "rain": false,
      "snow": false,
      "grade": 0.5,
      "gender": "female"
    },
    {
      "name": "strappy_heels",
      "url": "assets/clothing/double_strappy_heels.png",
      "max_temp": 35,
      "min_temp": 5,
      "rain": false,
      "snow": false,
      "grade": 0.5,
      "gender": "female"
    },
    {
      "name": "wedges",
      "url": "assets/clothing/double_wedges.png",
      "max_temp": 35,
      "min_temp": 10,
      "rain": false,
      "snow": false,
      "grade": 0.5,
      "gender": "female"
    },
    {
      "name": "slippers",
      "url": "assets/clothing/double_slippers.png",
      "max_temp": 35,
      "min_temp": 5,
      "rain": false,
      "snow": false,
      "grade": 0.5,
      "gender": "neutral"
    },
    {
      "name": "loafers",
      "url": "assets/clothing/double_loafers.png",
      "max_temp": 35,
      "min_temp": 0,
      "rain": false,
      "snow": false,
      "grade": 0.5,
      "gender": "neutral"
    },
    {
      "name": "birkenstocks",
      "url": "assets/clothing/double_birkenstocks.png",
      "max_temp": 35,
      "min_temp": 5,
      "rain": false,
      "snow": false,
      "grade": 0.5,
      "gender": "neutral"
    },
    {
      "name": "flip_flops",
      "url": "assets/clothing/double_flip_flops.png",
      "max_temp": 35,
      "min_temp": 5,
      "rain": false,
      "snow": false,
      "grade": 0.5,
      "gender": "neutral"
    },
    {
      "name": "girly_sandals",
      "url": "assets/clothing/double_fun_sandals.png",
      "max_temp": 35,
      "min_temp": 5,
      "rain": false,
      "snow": false,
      "grade": 0.5,
      "gender": "female"
    },
    {
      "name": "slides",
      "url": "assets/clothing/double_slides.png",
      "max_temp": 35,
      "min_temp": 5,
      "rain": false,
      "snow": false,
      "grade": 0.5,
      "gender": "neutral"
    },
    {
      "name": "rain_boots",
      "url": "assets/clothing/double_rainboots.png",
      "max_temp": 25,
      "min_temp": 0,
      "rain": true,
      "snow": false,
      "grade": 0.5,
      "gender": "neutral"
    },
    {
      "name": "short_boots",
      "url": "assets/clothing/double_short_boots.png",
      "max_temp": 25,
      "min_temp": -25,
      "rain": true,
      "snow": true,
      "grade": 0.5,
      "gender": "neutral"
    },
    {
      "name": "booties",
      "url": "assets/clothing/double_booties.png",
      "max_temp": 25,
      "min_temp": -25,
      "rain": true,
      "snow": true,
      "grade": 0.5,
      "gender": "female"
    },
    {
      "name": "timberlands",
      "url": "assets/clothing/double_timberlands.png",
      "max_temp": 25,
      "min_temp": -25,
      "rain": true,
      "snow": true,
      "grade": 0.5,
      "gender": "neutral"
    }
  ]
}
